{
  "experiment_name": "deeper_more_trees__numeric_textfreq",
  "feature_variant": "numeric_textfreq",
  "params": {
    "config_name": "deeper_more_trees",
    "n_estimators": 500,
    "max_depth": 5,
    "learning_rate": 0.04,
    "subsample": 0.8,
    "colsample_bytree": 0.8,
    "min_child_weight": 1,
    "gamma": 0.0,
    "reg_alpha": 0.0,
    "reg_lambda": 1.0,
    "scale_pos_weight_mult": 1.0
  },
  "selection_score": 0.9464329568077151,
  "validation_metrics_default_threshold": {
    "precision": 0.936231884057971,
    "recall": 0.9255014326647565,
    "f1": 0.930835734870317,
    "roc_auc": 0.9909631915362576,
    "average_precision": 0.9799328946590982
  },
  "validation_metrics_tuned_threshold": {
    "precision": 0.9640718562874252,
    "recall": 0.9226361031518625,
    "f1": 0.9428989751098097,
    "roc_auc": 0.9909631915362576,
    "average_precision": 0.9799328946590982
  },
  "best_threshold": 0.66
}